<?xml version="1.0" encoding="UTF-8"?>
<faceted-project>
  <runtime name="Apache Tomcat v8.5"/>
  <secondary-runtime name="Apache Tomcat v8.5 (2)"/>
  <secondary-runtime name="Apache Tomcat v8.5 (3)"/>
  <secondary-runtime name="Apache Tomcat v8.5 (4)"/>
  <fixed facet="java"/>
  <fixed facet="jst.web"/>
  <fixed facet="wst.jsdt.web"/>
  <installed facet="jst.web" version="3.1"/>
  <installed facet="wst.jsdt.web" version="1.0"/>
  <installed facet="java" version="1.8"/>
</faceted-project>
